job,category,question,short_answer,long_answer,keywords
선생님,what,선생님은(는) 무엇을 하나요?,학생들에게 공부를 가르쳐요,"선생님은(는) 수업 준비, 아이 가르치기, 상담하기 일을 해요. 학생들에게 공부를 가르쳐요","배움, 지도, 학교"
선생님,where,어디에서 일해요?,"학교, 교실","주로 학교, 교실에서 일해요.","배움, 지도, 학교"
선생님,help,누구에게 도움이 되나요?,"학생들, 학부모","선생님은(는) 학생들, 학부모에게 도움이 돼요.","배움, 지도, 학교"
선생님,how,어떻게 일을 해요?,"먼저 수업 준비, 다음 아이 가르치기, 마지막으로…","먼저 수업 준비을(를) 하고, 다음 아이 가르치기을(를) 한 뒤, 마지막으로 상담하기을(를) 하며 안전을 지켜요.","배움, 지도, 학교"
선생님,fun,재미있는 사실이 있나요?,칭찬 스티커를 주기도 해요.,칭찬 스티커를 주기도 해요. 재미있죠!,"배움, 지도, 학교"
경찰관,what,경찰관은(는) 무엇을 하나요?,나쁜 일을 막고 사람들을 도와줘요,"경찰관은(는) 질서 지키기, 범죄 예방, 교통 안내 일을 해요. 나쁜 일을 막고 사람들을 도와줘요","질서, 안전, 법"
경찰관,where,어디에서 일해요?,"경찰서, 거리","주로 경찰서, 거리에서 일해요.","질서, 안전, 법"
경찰관,help,누구에게 도움이 되나요?,"시민들, 아이들","경찰관은(는) 시민들, 아이들에게 도움이 돼요.","질서, 안전, 법"
경찰관,how,어떻게 일을 해요?,"먼저 질서 지키기, 다음 범죄 예방, 마지막으로…","먼저 질서 지키기을(를) 하고, 다음 범죄 예방을(를) 한 뒤, 마지막으로 교통 안내을(를) 하며 안전을 지켜요.","질서, 안전, 법"
경찰관,fun,재미있는 사실이 있나요?,호루라기와 수신호로 길을 안내해요.,호루라기와 수신호로 길을 안내해요. 재미있죠!,"질서, 안전, 법"
경찰관,safety,안전은 어떻게 지키나요?,안전 장비를 착용하고 규칙을 지켜요.,"헬멧·장갑 등 안전 장비를 착용하고, 팀과 신호를 맞추며 규칙을 지켜요.","질서, 안전, 법"
소방관,what,소방관은(는) 무엇을 하나요?,불을 끄고 사람을 구해요,"소방관은(는) 불 끄기, 사람 구하기, 안전 점검 일을 해요. 불을 끄고 사람을 구해요","안전, 구조, 팀워크"
소방관,where,어디에서 일해요?,"소방서, 화재 현장","주로 소방서, 화재 현장에서 일해요.","안전, 구조, 팀워크"
소방관,help,누구에게 도움이 되나요?,"위험에 처한 사람들, 지역사회","소방관은(는) 위험에 처한 사람들, 지역사회에게 도움이 돼요.","안전, 구조, 팀워크"
소방관,how,어떻게 일을 해요?,"먼저 불 끄기, 다음 사람 구하기, 마지막으로 안…","먼저 불 끄기을(를) 하고, 다음 사람 구하기을(를) 한 뒤, 마지막으로 안전 점검을(를) 하며 안전을 지켜요.","안전, 구조, 팀워크"
소방관,fun,재미있는 사실이 있나요?,소방차는 멀리서도 보이게 빨간색인 곳이 많아요.,소방차는 멀리서도 보이게 빨간색인 곳이 많아요. 재미있죠!,"안전, 구조, 팀워크"
소방관,safety,안전은 어떻게 지키나요?,안전 장비를 착용하고 규칙을 지켜요.,"헬멧·장갑 등 안전 장비를 착용하고, 팀과 신호를 맞추며 규칙을 지켜요.","안전, 구조, 팀워크"
의사,what,의사은(는) 무엇을 하나요?,아픈 사람을 치료해요,"의사은(는) 진찰하기, 약 처방하기, 치료 계획 세우기 일을 해요. 아픈 사람을 치료해요","건강, 치료, 진료"
의사,where,어디에서 일해요?,"병원, 진료실","주로 병원, 진료실에서 일해요.","건강, 치료, 진료"
의사,help,누구에게 도움이 되나요?,환자와 가족,의사은(는) 환자와 가족에게 도움이 돼요.,"건강, 치료, 진료"
의사,how,어떻게 일을 해요?,"먼저 진찰하기, 다음 약 처방하기, 마지막으로 치…","먼저 진찰하기을(를) 하고, 다음 약 처방하기을(를) 한 뒤, 마지막으로 치료 계획 세우기을(를) 하며 안전을 지켜요.","건강, 치료, 진료"
의사,fun,재미있는 사실이 있나요?,청진기로 심장 소리를 들어요.,청진기로 심장 소리를 들어요. 재미있죠!,"건강, 치료, 진료"
의사,safety,안전은 어떻게 지키나요?,안전 장비를 착용하고 규칙을 지켜요.,"헬멧·장갑 등 안전 장비를 착용하고, 팀과 신호를 맞추며 규칙을 지켜요.","건강, 치료, 진료"
간호사,what,간호사은(는) 무엇을 하나요?,의사를 도와서 환자를 돌봐요,"간호사은(는) 환자 돌보기, 약 챙기기, 기록하기 일을 해요. 의사를 도와서 환자를 돌봐요","돌봄, 건강, 배려"
간호사,where,어디에서 일해요?,"병원, 병동","주로 병원, 병동에서 일해요.","돌봄, 건강, 배려"
간호사,help,누구에게 도움이 되나요?,환자와 보호자,간호사은(는) 환자와 보호자에게 도움이 돼요.,"돌봄, 건강, 배려"
간호사,how,어떻게 일을 해요?,"먼저 환자 돌보기, 다음 약 챙기기, 마지막으로…","먼저 환자 돌보기을(를) 하고, 다음 약 챙기기을(를) 한 뒤, 마지막으로 기록하기을(를) 하며 안전을 지켜요.","돌봄, 건강, 배려"
간호사,fun,재미있는 사실이 있나요?,주사 전에는 이름을 꼭 확인해요.,주사 전에는 이름을 꼭 확인해요. 재미있죠!,"돌봄, 건강, 배려"
간호사,safety,안전은 어떻게 지키나요?,안전 장비를 착용하고 규칙을 지켜요.,"헬멧·장갑 등 안전 장비를 착용하고, 팀과 신호를 맞추며 규칙을 지켜요.","돌봄, 건강, 배려"
요리사,what,요리사은(는) 무엇을 하나요?,맛있는 음식을 만들어요,"요리사은(는) 재료 손질, 요리 만들기, 맛과 위생 점검 일을 해요. 맛있는 음식을 만들어요","요리, 맛, 위생"
요리사,where,어디에서 일해요?,"식당, 주방","주로 식당, 주방에서 일해요.","요리, 맛, 위생"
요리사,help,누구에게 도움이 되나요?,손님들,요리사은(는) 손님들에게 도움이 돼요.,"요리, 맛, 위생"
요리사,how,어떻게 일을 해요?,"먼저 재료 손질, 다음 요리 만들기, 마지막으로…","먼저 재료 손질을(를) 하고, 다음 요리 만들기을(를) 한 뒤, 마지막으로 맛과 위생 점검을(를) 하며 안전을 지켜요.","요리, 맛, 위생"
요리사,fun,재미있는 사실이 있나요?,요리사는 하얀 모자를 쓰기도 해요.,요리사는 하얀 모자를 쓰기도 해요. 재미있죠!,"요리, 맛, 위생"
버스기사,what,버스기사은(는) 무엇을 하나요?,사람들을 버스로 데려다줘요,"버스기사은(는) 운전하기, 안전 확인, 승객 안내 일을 해요. 사람들을 버스로 데려다줘요","운전, 안전, 시간"
버스기사,where,어디에서 일해요?,"도로, 차량","주로 도로, 차량에서 일해요.","운전, 안전, 시간"
버스기사,help,누구에게 도움이 되나요?,승객들,버스기사은(는) 승객들에게 도움이 돼요.,"운전, 안전, 시간"
버스기사,how,어떻게 일을 해요?,"먼저 운전하기, 다음 안전 확인, 마지막으로 승객…","먼저 운전하기을(를) 하고, 다음 안전 확인을(를) 한 뒤, 마지막으로 승객 안내을(를) 하며 안전을 지켜요.","운전, 안전, 시간"
버스기사,fun,재미있는 사실이 있나요?,정류장 시간표를 지켜요.,정류장 시간표를 지켜요. 재미있죠!,"운전, 안전, 시간"
버스기사,safety,안전은 어떻게 지키나요?,안전 장비를 착용하고 규칙을 지켜요.,"헬멧·장갑 등 안전 장비를 착용하고, 팀과 신호를 맞추며 규칙을 지켜요.","운전, 안전, 시간"
택배기사,what,택배기사은(는) 무엇을 하나요?,물건을 집까지 배달해줘요,"택배기사은(는) 물건 분류, 배송하기, 수령 확인 일을 해요. 물건을 집까지 배달해줘요","배송, 시간, 책임"
택배기사,where,어디에서 일해요?,"물류센터, 동네","주로 물류센터, 동네에서 일해요.","배송, 시간, 책임"
택배기사,help,누구에게 도움이 되나요?,고객들,택배기사은(는) 고객들에게 도움이 돼요.,"배송, 시간, 책임"
택배기사,how,어떻게 일을 해요?,"먼저 물건 분류, 다음 배송하기, 마지막으로 수령…","먼저 물건 분류을(를) 하고, 다음 배송하기을(를) 한 뒤, 마지막으로 수령 확인을(를) 하며 안전을 지켜요.","배송, 시간, 책임"
택배기사,fun,재미있는 사실이 있나요?,주소를 정확히 보는 것이 중요해요.,주소를 정확히 보는 것이 중요해요. 재미있죠!,"배송, 시간, 책임"
환경미화원,what,환경미화원은(는) 무엇을 하나요?,길거리를 깨끗하게 해줘요,"환경미화원은(는) 거리 청소, 분리수거, 시설 정리 일을 해요. 길거리를 깨끗하게 해줘요","청결, 환경, 배려"
환경미화원,where,어디에서 일해요?,"거리, 공원","주로 거리, 공원에서 일해요.","청결, 환경, 배려"
환경미화원,help,누구에게 도움이 되나요?,주민과 방문객,환경미화원은(는) 주민과 방문객에게 도움이 돼요.,"청결, 환경, 배려"
환경미화원,how,어떻게 일을 해요?,"먼저 거리 청소, 다음 분리수거, 마지막으로 시설…","먼저 거리 청소을(를) 하고, 다음 분리수거을(를) 한 뒤, 마지막으로 시설 정리을(를) 하며 안전을 지켜요.","청결, 환경, 배려"
환경미화원,fun,재미있는 사실이 있나요?,깨끗한 길은 모두의 기분을 좋게 해요.,깨끗한 길은 모두의 기분을 좋게 해요. 재미있죠!,"청결, 환경, 배려"
미용사,what,미용사은(는) 무엇을 하나요?,머리를 예쁘게 잘라줘요,"미용사은(는) 머리 자르기, 염색하기, 손질하기 일을 해요. 머리를 예쁘게 잘라줘요","헤어, 스타일, 서비스"
미용사,where,어디에서 일해요?,"미용실, 바버숍","주로 미용실, 바버숍에서 일해요.","헤어, 스타일, 서비스"
미용사,help,누구에게 도움이 되나요?,손님들,미용사은(는) 손님들에게 도움이 돼요.,"헤어, 스타일, 서비스"
미용사,how,어떻게 일을 해요?,"먼저 머리 자르기, 다음 염색하기, 마지막으로 손…","먼저 머리 자르기을(를) 하고, 다음 염색하기을(를) 한 뒤, 마지막으로 손질하기을(를) 하며 안전을 지켜요.","헤어, 스타일, 서비스"
미용사,fun,재미있는 사실이 있나요?,가위 소리가 경쾌해요.,가위 소리가 경쾌해요. 재미있죠!,"헤어, 스타일, 서비스"
배우,what,배우은(는) 무엇을 하나요?,영화나 드라마에 나와요,"배우은(는) 일을 계획하기, 사람들과 협력하기, 약속 지키기 일을 해요. 영화나 드라마에 나와요","책임감, 협력, 배움"
배우,where,어디에서 일해요?,"사무실, 현장","주로 사무실, 현장에서 일해요.","책임감, 협력, 배움"
배우,help,누구에게 도움이 되나요?,우리 동네 사람들,배우은(는) 우리 동네 사람들에게 도움이 돼요.,"책임감, 협력, 배움"
배우,how,어떻게 일을 해요?,"먼저 일을 계획하기, 다음 사람들과 협력하기, 마…","먼저 일을 계획하기을(를) 하고, 다음 사람들과 협력하기을(를) 한 뒤, 마지막으로 약속 지키기을(를) 하며 안전을 지켜요.","책임감, 협력, 배움"
배우,fun,재미있는 사실이 있나요?,이 직업에도 연습과 휴식이 중요해요.,이 직업에도 연습과 휴식이 중요해요. 재미있죠!,"책임감, 협력, 배움"
가수,what,가수은(는) 무엇을 하나요?,노래를 불러요,"가수은(는) 일을 계획하기, 사람들과 협력하기, 약속 지키기 일을 해요. 노래를 불러요","책임감, 협력, 배움"
가수,where,어디에서 일해요?,"사무실, 현장","주로 사무실, 현장에서 일해요.","책임감, 협력, 배움"
가수,help,누구에게 도움이 되나요?,우리 동네 사람들,가수은(는) 우리 동네 사람들에게 도움이 돼요.,"책임감, 협력, 배움"
가수,how,어떻게 일을 해요?,"먼저 일을 계획하기, 다음 사람들과 협력하기, 마…","먼저 일을 계획하기을(를) 하고, 다음 사람들과 협력하기을(를) 한 뒤, 마지막으로 약속 지키기을(를) 하며 안전을 지켜요.","책임감, 협력, 배움"
가수,fun,재미있는 사실이 있나요?,이 직업에도 연습과 휴식이 중요해요.,이 직업에도 연습과 휴식이 중요해요. 재미있죠!,"책임감, 협력, 배움"
유튜버,what,유튜버은(는) 무엇을 하나요?,영상 만들어 올려요,"유튜버은(는) 일을 계획하기, 사람들과 협력하기, 약속 지키기 일을 해요. 영상 만들어 올려요","책임감, 협력, 배움"
유튜버,where,어디에서 일해요?,"사무실, 현장","주로 사무실, 현장에서 일해요.","책임감, 협력, 배움"
유튜버,help,누구에게 도움이 되나요?,우리 동네 사람들,유튜버은(는) 우리 동네 사람들에게 도움이 돼요.,"책임감, 협력, 배움"
유튜버,how,어떻게 일을 해요?,"먼저 일을 계획하기, 다음 사람들과 협력하기, 마…","먼저 일을 계획하기을(를) 하고, 다음 사람들과 협력하기을(를) 한 뒤, 마지막으로 약속 지키기을(를) 하며 안전을 지켜요.","책임감, 협력, 배움"
유튜버,fun,재미있는 사실이 있나요?,이 직업에도 연습과 휴식이 중요해요.,이 직업에도 연습과 휴식이 중요해요. 재미있죠!,"책임감, 협력, 배움"
스포츠 선수,what,스포츠 선수은(는) 무엇을 하나요?,운동을 해서 경기를 해요,"스포츠 선수은(는) 일을 계획하기, 사람들과 협력하기, 약속 지키기 일을 해요. 운동을 해서 경기를 해요","책임감, 협력, 배움"
스포츠 선수,where,어디에서 일해요?,"사무실, 현장","주로 사무실, 현장에서 일해요.","책임감, 협력, 배움"
스포츠 선수,help,누구에게 도움이 되나요?,우리 동네 사람들,스포츠 선수은(는) 우리 동네 사람들에게 도움이 돼요.,"책임감, 협력, 배움"
스포츠 선수,how,어떻게 일을 해요?,"먼저 일을 계획하기, 다음 사람들과 협력하기, 마…","먼저 일을 계획하기을(를) 하고, 다음 사람들과 협력하기을(를) 한 뒤, 마지막으로 약속 지키기을(를) 하며 안전을 지켜요.","책임감, 협력, 배움"
스포츠 선수,fun,재미있는 사실이 있나요?,이 직업에도 연습과 휴식이 중요해요.,이 직업에도 연습과 휴식이 중요해요. 재미있죠!,"책임감, 협력, 배움"
아나운서,what,아나운서은(는) 무엇을 하나요?,뉴스나 방송을 진행해요,"아나운서은(는) 원고 읽기, 발음 연습, 방송 진행 일을 해요. 뉴스나 방송을 진행해요","방송, 전달, 발음"
아나운서,where,어디에서 일해요?,"방송국, 스튜디오","주로 방송국, 스튜디오에서 일해요.","방송, 전달, 발음"
아나운서,help,누구에게 도움이 되나요?,"시청자, 청취자","아나운서은(는) 시청자, 청취자에게 도움이 돼요.","방송, 전달, 발음"
아나운서,how,어떻게 일을 해요?,"먼저 원고 읽기, 다음 발음 연습, 마지막으로 방…","먼저 원고 읽기을(를) 하고, 다음 발음 연습을(를) 한 뒤, 마지막으로 방송 진행을(를) 하며 안전을 지켜요.","방송, 전달, 발음"
아나운서,fun,재미있는 사실이 있나요?,호흡과 발성이 매우 중요해요.,호흡과 발성이 매우 중요해요. 재미있죠!,"방송, 전달, 발음"
뉴스 기자,what,뉴스 기자은(는) 무엇을 하나요?,사건을 취재해서 알려줘요,"뉴스 기자은(는) 취재하기, 기사 쓰기, 인터뷰하기 일을 해요. 사건을 취재해서 알려줘요","뉴스, 취재, 사실"
뉴스 기자,where,어디에서 일해요?,"신문사, 현장","주로 신문사, 현장에서 일해요.","뉴스, 취재, 사실"
뉴스 기자,help,누구에게 도움이 되나요?,시민들,뉴스 기자은(는) 시민들에게 도움이 돼요.,"뉴스, 취재, 사실"
뉴스 기자,how,어떻게 일을 해요?,"먼저 취재하기, 다음 기사 쓰기, 마지막으로 인터…","먼저 취재하기을(를) 하고, 다음 기사 쓰기을(를) 한 뒤, 마지막으로 인터뷰하기을(를) 하며 안전을 지켜요.","뉴스, 취재, 사실"
뉴스 기자,fun,재미있는 사실이 있나요?,제목은 짧고 눈에 띄게 써요.,제목은 짧고 눈에 띄게 써요. 재미있죠!,"뉴스, 취재, 사실"
동물 훈련사,what,동물 훈련사은(는) 무엇을 하나요?,동물을 훈련시켜요,"동물 훈련사은(는) 일을 계획하기, 사람들과 협력하기, 약속 지키기 일을 해요. 동물을 훈련시켜요","책임감, 협력, 배움"
동물 훈련사,where,어디에서 일해요?,"사무실, 현장","주로 사무실, 현장에서 일해요.","책임감, 협력, 배움"
동물 훈련사,help,누구에게 도움이 되나요?,우리 동네 사람들,동물 훈련사은(는) 우리 동네 사람들에게 도움이 돼요.,"책임감, 협력, 배움"
동물 훈련사,how,어떻게 일을 해요?,"먼저 일을 계획하기, 다음 사람들과 협력하기, 마…","먼저 일을 계획하기을(를) 하고, 다음 사람들과 협력하기을(를) 한 뒤, 마지막으로 약속 지키기을(를) 하며 안전을 지켜요.","책임감, 협력, 배움"
동물 훈련사,fun,재미있는 사실이 있나요?,이 직업에도 연습과 휴식이 중요해요.,이 직업에도 연습과 휴식이 중요해요. 재미있죠!,"책임감, 협력, 배움"
마술사,what,마술사은(는) 무엇을 하나요?,신기한 마술을 보여줘요,"마술사은(는) 일을 계획하기, 사람들과 협력하기, 약속 지키기 일을 해요. 신기한 마술을 보여줘요","책임감, 협력, 배움"
마술사,where,어디에서 일해요?,"사무실, 현장","주로 사무실, 현장에서 일해요.","책임감, 협력, 배움"
마술사,help,누구에게 도움이 되나요?,우리 동네 사람들,마술사은(는) 우리 동네 사람들에게 도움이 돼요.,"책임감, 협력, 배움"
마술사,how,어떻게 일을 해요?,"먼저 일을 계획하기, 다음 사람들과 협력하기, 마…","먼저 일을 계획하기을(를) 하고, 다음 사람들과 협력하기을(를) 한 뒤, 마지막으로 약속 지키기을(를) 하며 안전을 지켜요.","책임감, 협력, 배움"
마술사,fun,재미있는 사실이 있나요?,이 직업에도 연습과 휴식이 중요해요.,이 직업에도 연습과 휴식이 중요해요. 재미있죠!,"책임감, 협력, 배움"
만화가,what,만화가은(는) 무엇을 하나요?,만화를 그려요,"만화가은(는) 그림 그리기, 색 칠하기, 전시 준비 일을 해요. 만화를 그려요","그림, 색, 표현"
만화가,where,어디에서 일해요?,"화실, 전시회","주로 화실, 전시회에서 일해요.","그림, 색, 표현"
만화가,help,누구에게 도움이 되나요?,관람객,만화가은(는) 관람객에게 도움이 돼요.,"그림, 색, 표현"
만화가,how,어떻게 일을 해요?,"먼저 그림 그리기, 다음 색 칠하기, 마지막으로…","먼저 그림 그리기을(를) 하고, 다음 색 칠하기을(를) 한 뒤, 마지막으로 전시 준비을(를) 하며 안전을 지켜요.","그림, 색, 표현"
만화가,fun,재미있는 사실이 있나요?,붓뿐 아니라 손가락으로도 그릴 수 있어요.,붓뿐 아니라 손가락으로도 그릴 수 있어요. 재미있죠!,"그림, 색, 표현"
게임 개발자,what,게임 개발자은(는) 무엇을 하나요?,게임을 만들어요,"게임 개발자은(는) 코드 작성, 버그 고치기, 기능 만들기 일을 해요. 게임을 만들어요","코딩, 문제해결, 논리"
게임 개발자,where,어디에서 일해요?,"사무실, 컴퓨터 앞","주로 사무실, 컴퓨터 앞에서 일해요.","코딩, 문제해결, 논리"
게임 개발자,help,누구에게 도움이 되나요?,사용자들,게임 개발자은(는) 사용자들에게 도움이 돼요.,"코딩, 문제해결, 논리"
게임 개발자,how,어떻게 일을 해요?,"먼저 코드 작성, 다음 버그 고치기, 마지막으로…","먼저 코드 작성을(를) 하고, 다음 버그 고치기을(를) 한 뒤, 마지막으로 기능 만들기을(를) 하며 안전을 지켜요.","코딩, 문제해결, 논리"
게임 개발자,fun,재미있는 사실이 있나요?,컴퓨터가 이해하는 언어로 말해요.,컴퓨터가 이해하는 언어로 말해요. 재미있죠!,"코딩, 문제해결, 논리"
과학자,what,과학자은(는) 무엇을 하나요?,새로운 것을 연구하고 실험해요,"과학자은(는) 실험하기, 자료 정리, 보고서 쓰기 일을 해요. 새로운 것을 연구하고 실험해요","실험, 발견, 호기심"
과학자,where,어디에서 일해요?,"연구실, 실험실","주로 연구실, 실험실에서 일해요.","실험, 발견, 호기심"
과학자,help,누구에게 도움이 되나요?,사회 전체,과학자은(는) 사회 전체에게 도움이 돼요.,"실험, 발견, 호기심"
과학자,how,어떻게 일을 해요?,"먼저 실험하기, 다음 자료 정리, 마지막으로 보고…","먼저 실험하기을(를) 하고, 다음 자료 정리을(를) 한 뒤, 마지막으로 보고서 쓰기을(를) 하며 안전을 지켜요.","실험, 발견, 호기심"
과학자,fun,재미있는 사실이 있나요?,실험은 여러 번 반복해 확인해요.,실험은 여러 번 반복해 확인해요. 재미있죠!,"실험, 발견, 호기심"
로봇 개발자,what,로봇 개발자은(는) 무엇을 하나요?,로봇을 설계하고 만들어요,"로봇 개발자은(는) 코드 작성, 버그 고치기, 기능 만들기 일을 해요. 로봇을 설계하고 만들어요","코딩, 문제해결, 논리"
로봇 개발자,where,어디에서 일해요?,"사무실, 컴퓨터 앞","주로 사무실, 컴퓨터 앞에서 일해요.","코딩, 문제해결, 논리"
로봇 개발자,help,누구에게 도움이 되나요?,사용자들,로봇 개발자은(는) 사용자들에게 도움이 돼요.,"코딩, 문제해결, 논리"
로봇 개발자,how,어떻게 일을 해요?,"먼저 코드 작성, 다음 버그 고치기, 마지막으로…","먼저 코드 작성을(를) 하고, 다음 버그 고치기을(를) 한 뒤, 마지막으로 기능 만들기을(를) 하며 안전을 지켜요.","코딩, 문제해결, 논리"
로봇 개발자,fun,재미있는 사실이 있나요?,컴퓨터가 이해하는 언어로 말해요.,컴퓨터가 이해하는 언어로 말해요. 재미있죠!,"코딩, 문제해결, 논리"
우주비행사,what,우주비행사은(는) 무엇을 하나요?,우주를 탐험해요,"우주비행사은(는) 일을 계획하기, 사람들과 협력하기, 약속 지키기 일을 해요. 우주를 탐험해요","책임감, 협력, 배움"
우주비행사,where,어디에서 일해요?,"사무실, 현장","주로 사무실, 현장에서 일해요.","책임감, 협력, 배움"
우주비행사,help,누구에게 도움이 되나요?,우리 동네 사람들,우주비행사은(는) 우리 동네 사람들에게 도움이 돼요.,"책임감, 협력, 배움"
우주비행사,how,어떻게 일을 해요?,"먼저 일을 계획하기, 다음 사람들과 협력하기, 마…","먼저 일을 계획하기을(를) 하고, 다음 사람들과 협력하기을(를) 한 뒤, 마지막으로 약속 지키기을(를) 하며 안전을 지켜요.","책임감, 협력, 배움"
우주비행사,fun,재미있는 사실이 있나요?,이 직업에도 연습과 휴식이 중요해요.,이 직업에도 연습과 휴식이 중요해요. 재미있죠!,"책임감, 협력, 배움"
고고학자,what,고고학자은(는) 무엇을 하나요?,옛날 물건을 찾아서 연구해요,"고고학자은(는) 일을 계획하기, 사람들과 협력하기, 약속 지키기 일을 해요. 옛날 물건을 찾아서 연구해요","책임감, 협력, 배움"
고고학자,where,어디에서 일해요?,"사무실, 현장","주로 사무실, 현장에서 일해요.","책임감, 협력, 배움"
고고학자,help,누구에게 도움이 되나요?,우리 동네 사람들,고고학자은(는) 우리 동네 사람들에게 도움이 돼요.,"책임감, 협력, 배움"
고고학자,how,어떻게 일을 해요?,"먼저 일을 계획하기, 다음 사람들과 협력하기, 마…","먼저 일을 계획하기을(를) 하고, 다음 사람들과 협력하기을(를) 한 뒤, 마지막으로 약속 지키기을(를) 하며 안전을 지켜요.","책임감, 협력, 배움"
고고학자,fun,재미있는 사실이 있나요?,이 직업에도 연습과 휴식이 중요해요.,이 직업에도 연습과 휴식이 중요해요. 재미있죠!,"책임감, 협력, 배움"
동물원 사육사,what,동물원 사육사은(는) 무엇을 하나요?,동물을 돌보고 먹이를 줘요,"동물원 사육사은(는) 일을 계획하기, 사람들과 협력하기, 약속 지키기 일을 해요. 동물을 돌보고 먹이를 줘요","책임감, 협력, 배움"
동물원 사육사,where,어디에서 일해요?,"사무실, 현장","주로 사무실, 현장에서 일해요.","책임감, 협력, 배움"
동물원 사육사,help,누구에게 도움이 되나요?,우리 동네 사람들,동물원 사육사은(는) 우리 동네 사람들에게 도움이 돼요.,"책임감, 협력, 배움"
동물원 사육사,how,어떻게 일을 해요?,"먼저 일을 계획하기, 다음 사람들과 협력하기, 마…","먼저 일을 계획하기을(를) 하고, 다음 사람들과 협력하기을(를) 한 뒤, 마지막으로 약속 지키기을(를) 하며 안전을 지켜요.","책임감, 협력, 배움"
동물원 사육사,fun,재미있는 사실이 있나요?,이 직업에도 연습과 휴식이 중요해요.,이 직업에도 연습과 휴식이 중요해요. 재미있죠!,"책임감, 협력, 배움"
수의사,what,수의사은(는) 무엇을 하나요?,아픈 동물을 치료해요,"수의사은(는) 진찰하기, 약 처방하기, 치료 계획 세우기 일을 해요. 아픈 동물을 치료해요","건강, 치료, 진료"
수의사,where,어디에서 일해요?,"병원, 진료실","주로 병원, 진료실에서 일해요.","건강, 치료, 진료"
수의사,help,누구에게 도움이 되나요?,환자와 가족,수의사은(는) 환자와 가족에게 도움이 돼요.,"건강, 치료, 진료"
수의사,how,어떻게 일을 해요?,"먼저 진찰하기, 다음 약 처방하기, 마지막으로 치…","먼저 진찰하기을(를) 하고, 다음 약 처방하기을(를) 한 뒤, 마지막으로 치료 계획 세우기을(를) 하며 안전을 지켜요.","건강, 치료, 진료"
수의사,fun,재미있는 사실이 있나요?,청진기로 심장 소리를 들어요.,청진기로 심장 소리를 들어요. 재미있죠!,"건강, 치료, 진료"
수의사,safety,안전은 어떻게 지키나요?,안전 장비를 착용하고 규칙을 지켜요.,"헬멧·장갑 등 안전 장비를 착용하고, 팀과 신호를 맞추며 규칙을 지켜요.","건강, 치료, 진료"
해양 생물 연구원,what,해양 생물 연구원은(는) 무엇을 하나요?,바다 생물을 연구해요,"해양 생물 연구원은(는) 실험하기, 자료 정리, 보고서 쓰기 일을 해요. 바다 생물을 연구해요","실험, 발견, 호기심"
해양 생물 연구원,where,어디에서 일해요?,"연구실, 실험실","주로 연구실, 실험실에서 일해요.","실험, 발견, 호기심"
해양 생물 연구원,help,누구에게 도움이 되나요?,사회 전체,해양 생물 연구원은(는) 사회 전체에게 도움이 돼요.,"실험, 발견, 호기심"
해양 생물 연구원,how,어떻게 일을 해요?,"먼저 실험하기, 다음 자료 정리, 마지막으로 보고…","먼저 실험하기을(를) 하고, 다음 자료 정리을(를) 한 뒤, 마지막으로 보고서 쓰기을(를) 하며 안전을 지켜요.","실험, 발견, 호기심"
해양 생물 연구원,fun,재미있는 사실이 있나요?,실험은 여러 번 반복해 확인해요.,실험은 여러 번 반복해 확인해요. 재미있죠!,"실험, 발견, 호기심"
파일럿,what,파일럿은(는) 무엇을 하나요?,비행기를 조종해요,"파일럿은(는) 비행 계획, 조종하기, 안전 점검 일을 해요. 비행기를 조종해요","비행, 안전, 항공"
파일럿,where,어디에서 일해요?,"공항, 하늘","주로 공항, 하늘에서 일해요.","비행, 안전, 항공"
파일럿,help,누구에게 도움이 되나요?,승객들,파일럿은(는) 승객들에게 도움이 돼요.,"비행, 안전, 항공"
파일럿,how,어떻게 일을 해요?,"먼저 비행 계획, 다음 조종하기, 마지막으로 안전…","먼저 비행 계획을(를) 하고, 다음 조종하기을(를) 한 뒤, 마지막으로 안전 점검을(를) 하며 안전을 지켜요.","비행, 안전, 항공"
파일럿,fun,재미있는 사실이 있나요?,구름 위로 날아가요.,구름 위로 날아가요. 재미있죠!,"비행, 안전, 항공"
파일럿,safety,안전은 어떻게 지키나요?,안전 장비를 착용하고 규칙을 지켜요.,"헬멧·장갑 등 안전 장비를 착용하고, 팀과 신호를 맞추며 규칙을 지켜요.","비행, 안전, 항공"
기차 기관사,what,기차 기관사은(는) 무엇을 하나요?,기차를 운전해요,"기차 기관사은(는) 열차 운행, 신호 확인, 승무원과 소통 일을 해요. 기차를 운전해요","철도, 신호, 시간"
기차 기관사,where,어디에서 일해요?,"기차역, 철로","주로 기차역, 철로에서 일해요.","철도, 신호, 시간"
기차 기관사,help,누구에게 도움이 되나요?,승객들,기차 기관사은(는) 승객들에게 도움이 돼요.,"철도, 신호, 시간"
기차 기관사,how,어떻게 일을 해요?,"먼저 열차 운행, 다음 신호 확인, 마지막으로 승…","먼저 열차 운행을(를) 하고, 다음 신호 확인을(를) 한 뒤, 마지막으로 승무원과 소통을(를) 하며 안전을 지켜요.","철도, 신호, 시간"
기차 기관사,fun,재미있는 사실이 있나요?,정확한 시간에 맞춰 출발해요.,정확한 시간에 맞춰 출발해요. 재미있죠!,"철도, 신호, 시간"
기차 기관사,safety,안전은 어떻게 지키나요?,안전 장비를 착용하고 규칙을 지켜요.,"헬멧·장갑 등 안전 장비를 착용하고, 팀과 신호를 맞추며 규칙을 지켜요.","철도, 신호, 시간"
공룡 연구자,what,공룡 연구자은(는) 무엇을 하나요?,공룡에 대해 연구해요,"공룡 연구자은(는) 실험하기, 자료 정리, 보고서 쓰기 일을 해요. 공룡에 대해 연구해요","실험, 발견, 호기심"
공룡 연구자,where,어디에서 일해요?,"연구실, 실험실","주로 연구실, 실험실에서 일해요.","실험, 발견, 호기심"
공룡 연구자,help,누구에게 도움이 되나요?,사회 전체,공룡 연구자은(는) 사회 전체에게 도움이 돼요.,"실험, 발견, 호기심"
공룡 연구자,how,어떻게 일을 해요?,"먼저 실험하기, 다음 자료 정리, 마지막으로 보고…","먼저 실험하기을(를) 하고, 다음 자료 정리을(를) 한 뒤, 마지막으로 보고서 쓰기을(를) 하며 안전을 지켜요.","실험, 발견, 호기심"
공룡 연구자,fun,재미있는 사실이 있나요?,실험은 여러 번 반복해 확인해요.,실험은 여러 번 반복해 확인해요. 재미있죠!,"실험, 발견, 호기심"
건축가,what,건축가은(는) 무엇을 하나요?,건물을 설계해요,"건축가은(는) 설계하기, 도면 그리기, 현장 점검 일을 해요. 건물을 설계해요","설계, 공간, 구조"
건축가,where,어디에서 일해요?,"사무실, 공사 현장","주로 사무실, 공사 현장에서 일해요.","설계, 공간, 구조"
건축가,help,누구에게 도움이 되나요?,건축주와 주민,건축가은(는) 건축주와 주민에게 도움이 돼요.,"설계, 공간, 구조"
건축가,how,어떻게 일을 해요?,"먼저 설계하기, 다음 도면 그리기, 마지막으로 현…","먼저 설계하기을(를) 하고, 다음 도면 그리기을(를) 한 뒤, 마지막으로 현장 점검을(를) 하며 안전을 지켜요.","설계, 공간, 구조"
건축가,fun,재미있는 사실이 있나요?,작은 창도 집 분위기를 바꿔요.,작은 창도 집 분위기를 바꿔요. 재미있죠!,"설계, 공간, 구조"
목수,what,목수은(는) 무엇을 하나요?,나무로 물건을 만들어요,"목수은(는) 자르기, 조립하기, 마감하기 일을 해요. 나무로 물건을 만들어요","목공, 공구, 제작"
목수,where,어디에서 일해요?,"공사 현장, 작업장","주로 공사 현장, 작업장에서 일해요.","목공, 공구, 제작"
목수,help,누구에게 도움이 되나요?,고객과 주민,목수은(는) 고객과 주민에게 도움이 돼요.,"목공, 공구, 제작"
목수,how,어떻게 일을 해요?,"먼저 자르기, 다음 조립하기, 마지막으로 마감하기…","먼저 자르기을(를) 하고, 다음 조립하기을(를) 한 뒤, 마지막으로 마감하기을(를) 하며 안전을 지켜요.","목공, 공구, 제작"
목수,fun,재미있는 사실이 있나요?,나무 냄새가 좋은 작업장도 있어요.,나무 냄새가 좋은 작업장도 있어요. 재미있죠!,"목공, 공구, 제작"
제빵사,what,제빵사은(는) 무엇을 하나요?,빵을 만들어요,"제빵사은(는) 반죽 만들기, 발효시키기, 빵 굽기 일을 해요. 빵을 만들어요","빵, 반죽, 오븐"
제빵사,where,어디에서 일해요?,"빵집, 제과점","주로 빵집, 제과점에서 일해요.","빵, 반죽, 오븐"
제빵사,help,누구에게 도움이 되나요?,손님들,제빵사은(는) 손님들에게 도움이 돼요.,"빵, 반죽, 오븐"
제빵사,how,어떻게 일을 해요?,"먼저 반죽 만들기, 다음 발효시키기, 마지막으로…","먼저 반죽 만들기을(를) 하고, 다음 발효시키기을(를) 한 뒤, 마지막으로 빵 굽기을(를) 하며 안전을 지켜요.","빵, 반죽, 오븐"
제빵사,fun,재미있는 사실이 있나요?,아침 일찍부터 빵을 구워요.,아침 일찍부터 빵을 구워요. 재미있죠!,"빵, 반죽, 오븐"
패션 디자이너,what,패션 디자이너은(는) 무엇을 하나요?,옷을 디자인해요,"패션 디자이너은(는) 아이디어 스케치, 시안 만들기, 색과 글꼴 정하기 일을 해요. 옷을 디자인해요","창의성, 색, 모양"
패션 디자이너,where,어디에서 일해요?,"스튜디오, 사무실","주로 스튜디오, 사무실에서 일해요.","창의성, 색, 모양"
패션 디자이너,help,누구에게 도움이 되나요?,고객과 사용자,패션 디자이너은(는) 고객과 사용자에게 도움이 돼요.,"창의성, 색, 모양"
패션 디자이너,how,어떻게 일을 해요?,"먼저 아이디어 스케치, 다음 시안 만들기, 마지막…","먼저 아이디어 스케치을(를) 하고, 다음 시안 만들기을(를) 한 뒤, 마지막으로 색과 글꼴 정하기을(를) 하며 안전을 지켜요.","창의성, 색, 모양"
패션 디자이너,fun,재미있는 사실이 있나요?,색만 바꿔도 느낌이 달라져요.,색만 바꿔도 느낌이 달라져요. 재미있죠!,"창의성, 색, 모양"
장난감 디자이너,what,장난감 디자이너은(는) 무엇을 하나요?,장난감을 만들어요,"장난감 디자이너은(는) 아이디어 스케치, 시안 만들기, 색과 글꼴 정하기 일을 해요. 장난감을 만들어요","창의성, 색, 모양"
장난감 디자이너,where,어디에서 일해요?,"스튜디오, 사무실","주로 스튜디오, 사무실에서 일해요.","창의성, 색, 모양"
장난감 디자이너,help,누구에게 도움이 되나요?,고객과 사용자,장난감 디자이너은(는) 고객과 사용자에게 도움이 돼요.,"창의성, 색, 모양"
장난감 디자이너,how,어떻게 일을 해요?,"먼저 아이디어 스케치, 다음 시안 만들기, 마지막…","먼저 아이디어 스케치을(를) 하고, 다음 시안 만들기을(를) 한 뒤, 마지막으로 색과 글꼴 정하기을(를) 하며 안전을 지켜요.","창의성, 색, 모양"
장난감 디자이너,fun,재미있는 사실이 있나요?,색만 바꿔도 느낌이 달라져요.,색만 바꿔도 느낌이 달라져요. 재미있죠!,"창의성, 색, 모양"
일러스트레이터,what,일러스트레이터은(는) 무엇을 하나요?,그림을 그려요,"일러스트레이터은(는) 그림 그리기, 색 칠하기, 전시 준비 일을 해요. 그림을 그려요","그림, 색, 표현"
일러스트레이터,where,어디에서 일해요?,"화실, 전시회","주로 화실, 전시회에서 일해요.","그림, 색, 표현"
일러스트레이터,help,누구에게 도움이 되나요?,관람객,일러스트레이터은(는) 관람객에게 도움이 돼요.,"그림, 색, 표현"
일러스트레이터,how,어떻게 일을 해요?,"먼저 그림 그리기, 다음 색 칠하기, 마지막으로…","먼저 그림 그리기을(를) 하고, 다음 색 칠하기을(를) 한 뒤, 마지막으로 전시 준비을(를) 하며 안전을 지켜요.","그림, 색, 표현"
일러스트레이터,fun,재미있는 사실이 있나요?,붓뿐 아니라 손가락으로도 그릴 수 있어요.,붓뿐 아니라 손가락으로도 그릴 수 있어요. 재미있죠!,"그림, 색, 표현"
애니메이터,what,애니메이터은(는) 무엇을 하나요?,움직이는 그림을 만들어요,"애니메이터은(는) 일을 계획하기, 사람들과 협력하기, 약속 지키기 일을 해요. 움직이는 그림을 만들어요","책임감, 협력, 배움"
애니메이터,where,어디에서 일해요?,"사무실, 현장","주로 사무실, 현장에서 일해요.","책임감, 협력, 배움"
애니메이터,help,누구에게 도움이 되나요?,우리 동네 사람들,애니메이터은(는) 우리 동네 사람들에게 도움이 돼요.,"책임감, 협력, 배움"
애니메이터,how,어떻게 일을 해요?,"먼저 일을 계획하기, 다음 사람들과 협력하기, 마…","먼저 일을 계획하기을(를) 하고, 다음 사람들과 협력하기을(를) 한 뒤, 마지막으로 약속 지키기을(를) 하며 안전을 지켜요.","책임감, 협력, 배움"
애니메이터,fun,재미있는 사실이 있나요?,이 직업에도 연습과 휴식이 중요해요.,이 직업에도 연습과 휴식이 중요해요. 재미있죠!,"책임감, 협력, 배움"
사진작가,what,사진작가은(는) 무엇을 하나요?,사진을 찍어요,"사진작가은(는) 이야기 쓰기, 자료 조사, 원고 다듬기 일을 해요. 사진을 찍어요","이야기, 글쓰기, 상상"
사진작가,where,어디에서 일해요?,"서재, 도서관","주로 서재, 도서관에서 일해요.","이야기, 글쓰기, 상상"
사진작가,help,누구에게 도움이 되나요?,독자들,사진작가은(는) 독자들에게 도움이 돼요.,"이야기, 글쓰기, 상상"
사진작가,how,어떻게 일을 해요?,"먼저 이야기 쓰기, 다음 자료 조사, 마지막으로…","먼저 이야기 쓰기을(를) 하고, 다음 자료 조사을(를) 한 뒤, 마지막으로 원고 다듬기을(를) 하며 안전을 지켜요.","이야기, 글쓰기, 상상"
사진작가,fun,재미있는 사실이 있나요?,이야기 시작은 한 문장으로도 돼요.,이야기 시작은 한 문장으로도 돼요. 재미있죠!,"이야기, 글쓰기, 상상"
인형극 배우,what,인형극 배우은(는) 무엇을 하나요?,인형으로 연극을 해요,"인형극 배우은(는) 일을 계획하기, 사람들과 협력하기, 약속 지키기 일을 해요. 인형으로 연극을 해요","책임감, 협력, 배움"
인형극 배우,where,어디에서 일해요?,"사무실, 현장","주로 사무실, 현장에서 일해요.","책임감, 협력, 배움"
인형극 배우,help,누구에게 도움이 되나요?,우리 동네 사람들,인형극 배우은(는) 우리 동네 사람들에게 도움이 돼요.,"책임감, 협력, 배움"
인형극 배우,how,어떻게 일을 해요?,"먼저 일을 계획하기, 다음 사람들과 협력하기, 마…","먼저 일을 계획하기을(를) 하고, 다음 사람들과 협력하기을(를) 한 뒤, 마지막으로 약속 지키기을(를) 하며 안전을 지켜요.","책임감, 협력, 배움"
인형극 배우,fun,재미있는 사실이 있나요?,이 직업에도 연습과 휴식이 중요해요.,이 직업에도 연습과 휴식이 중요해요. 재미있죠!,"책임감, 협력, 배움"
공예가,what,공예가은(는) 무엇을 하나요?,손으로 작품을 만들어요,"공예가은(는) 일을 계획하기, 사람들과 협력하기, 약속 지키기 일을 해요. 손으로 작품을 만들어요","책임감, 협력, 배움"
공예가,where,어디에서 일해요?,"사무실, 현장","주로 사무실, 현장에서 일해요.","책임감, 협력, 배움"
공예가,help,누구에게 도움이 되나요?,우리 동네 사람들,공예가은(는) 우리 동네 사람들에게 도움이 돼요.,"책임감, 협력, 배움"
공예가,how,어떻게 일을 해요?,"먼저 일을 계획하기, 다음 사람들과 협력하기, 마…","먼저 일을 계획하기을(를) 하고, 다음 사람들과 협력하기을(를) 한 뒤, 마지막으로 약속 지키기을(를) 하며 안전을 지켜요.","책임감, 협력, 배움"
공예가,fun,재미있는 사실이 있나요?,이 직업에도 연습과 휴식이 중요해요.,이 직업에도 연습과 휴식이 중요해요. 재미있죠!,"책임감, 협력, 배움"
탐정,what,탐정은(는) 무엇을 하나요?,문제를 해결해요,"탐정은(는) 일을 계획하기, 사람들과 협력하기, 약속 지키기 일을 해요. 문제를 해결해요","책임감, 협력, 배움"
탐정,where,어디에서 일해요?,"사무실, 현장","주로 사무실, 현장에서 일해요.","책임감, 협력, 배움"
탐정,help,누구에게 도움이 되나요?,우리 동네 사람들,탐정은(는) 우리 동네 사람들에게 도움이 돼요.,"책임감, 협력, 배움"
탐정,how,어떻게 일을 해요?,"먼저 일을 계획하기, 다음 사람들과 협력하기, 마…","먼저 일을 계획하기을(를) 하고, 다음 사람들과 협력하기을(를) 한 뒤, 마지막으로 약속 지키기을(를) 하며 안전을 지켜요.","책임감, 협력, 배움"
탐정,fun,재미있는 사실이 있나요?,이 직업에도 연습과 휴식이 중요해요.,이 직업에도 연습과 휴식이 중요해요. 재미있죠!,"책임감, 협력, 배움"
발명가,what,발명가은(는) 무엇을 하나요?,새로운 물건을 만들어요,"발명가은(는) 일을 계획하기, 사람들과 협력하기, 약속 지키기 일을 해요. 새로운 물건을 만들어요","책임감, 협력, 배움"
발명가,where,어디에서 일해요?,"사무실, 현장","주로 사무실, 현장에서 일해요.","책임감, 협력, 배움"
발명가,help,누구에게 도움이 되나요?,우리 동네 사람들,발명가은(는) 우리 동네 사람들에게 도움이 돼요.,"책임감, 협력, 배움"
발명가,how,어떻게 일을 해요?,"먼저 일을 계획하기, 다음 사람들과 협력하기, 마…","먼저 일을 계획하기을(를) 하고, 다음 사람들과 협력하기을(를) 한 뒤, 마지막으로 약속 지키기을(를) 하며 안전을 지켜요.","책임감, 협력, 배움"
발명가,fun,재미있는 사실이 있나요?,이 직업에도 연습과 휴식이 중요해요.,이 직업에도 연습과 휴식이 중요해요. 재미있죠!,"책임감, 협력, 배움"
기상캐스터,what,기상캐스터은(는) 무엇을 하나요?,날씨를 알려줘요,"기상캐스터은(는) 일을 계획하기, 사람들과 협력하기, 약속 지키기 일을 해요. 날씨를 알려줘요","책임감, 협력, 배움"
기상캐스터,where,어디에서 일해요?,"사무실, 현장","주로 사무실, 현장에서 일해요.","책임감, 협력, 배움"
기상캐스터,help,누구에게 도움이 되나요?,우리 동네 사람들,기상캐스터은(는) 우리 동네 사람들에게 도움이 돼요.,"책임감, 협력, 배움"
기상캐스터,how,어떻게 일을 해요?,"먼저 일을 계획하기, 다음 사람들과 협력하기, 마…","먼저 일을 계획하기을(를) 하고, 다음 사람들과 협력하기을(를) 한 뒤, 마지막으로 약속 지키기을(를) 하며 안전을 지켜요.","책임감, 협력, 배움"
기상캐스터,fun,재미있는 사실이 있나요?,이 직업에도 연습과 휴식이 중요해요.,이 직업에도 연습과 휴식이 중요해요. 재미있죠!,"책임감, 협력, 배움"
동화작가,what,동화작가은(는) 무엇을 하나요?,이야기를 써요,"동화작가은(는) 이야기 쓰기, 자료 조사, 원고 다듬기 일을 해요. 이야기를 써요","이야기, 글쓰기, 상상"
동화작가,where,어디에서 일해요?,"서재, 도서관","주로 서재, 도서관에서 일해요.","이야기, 글쓰기, 상상"
동화작가,help,누구에게 도움이 되나요?,독자들,동화작가은(는) 독자들에게 도움이 돼요.,"이야기, 글쓰기, 상상"
동화작가,how,어떻게 일을 해요?,"먼저 이야기 쓰기, 다음 자료 조사, 마지막으로…","먼저 이야기 쓰기을(를) 하고, 다음 자료 조사을(를) 한 뒤, 마지막으로 원고 다듬기을(를) 하며 안전을 지켜요.","이야기, 글쓰기, 상상"
동화작가,fun,재미있는 사실이 있나요?,이야기 시작은 한 문장으로도 돼요.,이야기 시작은 한 문장으로도 돼요. 재미있죠!,"이야기, 글쓰기, 상상"
게임 스트리머,what,게임 스트리머은(는) 무엇을 하나요?,게임하면서 방송해요,"게임 스트리머은(는) 일을 계획하기, 사람들과 협력하기, 약속 지키기 일을 해요. 게임하면서 방송해요","책임감, 협력, 배움"
게임 스트리머,where,어디에서 일해요?,"사무실, 현장","주로 사무실, 현장에서 일해요.","책임감, 협력, 배움"
게임 스트리머,help,누구에게 도움이 되나요?,우리 동네 사람들,게임 스트리머은(는) 우리 동네 사람들에게 도움이 돼요.,"책임감, 협력, 배움"
게임 스트리머,how,어떻게 일을 해요?,"먼저 일을 계획하기, 다음 사람들과 협력하기, 마…","먼저 일을 계획하기을(를) 하고, 다음 사람들과 협력하기을(를) 한 뒤, 마지막으로 약속 지키기을(를) 하며 안전을 지켜요.","책임감, 협력, 배움"
게임 스트리머,fun,재미있는 사실이 있나요?,이 직업에도 연습과 휴식이 중요해요.,이 직업에도 연습과 휴식이 중요해요. 재미있죠!,"책임감, 협력, 배움"
드론 조종사,what,드론 조종사은(는) 무엇을 하나요?,드론을 날려요,"드론 조종사은(는) 비행 계획, 조종하기, 안전 점검 일을 해요. 드론을 날려요","비행, 안전, 항공"
드론 조종사,where,어디에서 일해요?,"공항, 하늘","주로 공항, 하늘에서 일해요.","비행, 안전, 항공"
드론 조종사,help,누구에게 도움이 되나요?,승객들,드론 조종사은(는) 승객들에게 도움이 돼요.,"비행, 안전, 항공"
드론 조종사,how,어떻게 일을 해요?,"먼저 비행 계획, 다음 조종하기, 마지막으로 안전…","먼저 비행 계획을(를) 하고, 다음 조종하기을(를) 한 뒤, 마지막으로 안전 점검을(를) 하며 안전을 지켜요.","비행, 안전, 항공"
드론 조종사,fun,재미있는 사실이 있나요?,구름 위로 날아가요.,구름 위로 날아가요. 재미있죠!,"비행, 안전, 항공"
드론 조종사,safety,안전은 어떻게 지키나요?,안전 장비를 착용하고 규칙을 지켜요.,"헬멧·장갑 등 안전 장비를 착용하고, 팀과 신호를 맞추며 규칙을 지켜요.","비행, 안전, 항공"
캠핑 가이드,what,캠핑 가이드은(는) 무엇을 하나요?,사람들과 캠핑해요,"캠핑 가이드은(는) 일을 계획하기, 사람들과 협력하기, 약속 지키기 일을 해요. 사람들과 캠핑해요","책임감, 협력, 배움"
캠핑 가이드,where,어디에서 일해요?,"사무실, 현장","주로 사무실, 현장에서 일해요.","책임감, 협력, 배움"
캠핑 가이드,help,누구에게 도움이 되나요?,우리 동네 사람들,캠핑 가이드은(는) 우리 동네 사람들에게 도움이 돼요.,"책임감, 협력, 배움"
캠핑 가이드,how,어떻게 일을 해요?,"먼저 일을 계획하기, 다음 사람들과 협력하기, 마…","먼저 일을 계획하기을(를) 하고, 다음 사람들과 협력하기을(를) 한 뒤, 마지막으로 약속 지키기을(를) 하며 안전을 지켜요.","책임감, 협력, 배움"
캠핑 가이드,fun,재미있는 사실이 있나요?,이 직업에도 연습과 휴식이 중요해요.,이 직업에도 연습과 휴식이 중요해요. 재미있죠!,"책임감, 협력, 배움"
동물 구조대,what,동물 구조대은(는) 무엇을 하나요?,다친 동물을 구해요,"동물 구조대은(는) 일을 계획하기, 사람들과 협력하기, 약속 지키기 일을 해요. 다친 동물을 구해요","책임감, 협력, 배움"
동물 구조대,where,어디에서 일해요?,"사무실, 현장","주로 사무실, 현장에서 일해요.","책임감, 협력, 배움"
동물 구조대,help,누구에게 도움이 되나요?,우리 동네 사람들,동물 구조대은(는) 우리 동네 사람들에게 도움이 돼요.,"책임감, 협력, 배움"
동물 구조대,how,어떻게 일을 해요?,"먼저 일을 계획하기, 다음 사람들과 협력하기, 마…","먼저 일을 계획하기을(를) 하고, 다음 사람들과 협력하기을(를) 한 뒤, 마지막으로 약속 지키기을(를) 하며 안전을 지켜요.","책임감, 협력, 배움"
동물 구조대,fun,재미있는 사실이 있나요?,이 직업에도 연습과 휴식이 중요해요.,이 직업에도 연습과 휴식이 중요해요. 재미있죠!,"책임감, 협력, 배움"
우주선 정비사,what,우주선 정비사은(는) 무엇을 하나요?,우주선을 고쳐요,"우주선 정비사은(는) 문제 진단, 부품 교체, 시험 운전 일을 해요. 우주선을 고쳐요","정비, 기계, 점검"
우주선 정비사,where,어디에서 일해요?,"정비소, 공장","주로 정비소, 공장에서 일해요.","정비, 기계, 점검"
우주선 정비사,help,누구에게 도움이 되나요?,고객과 사용자,우주선 정비사은(는) 고객과 사용자에게 도움이 돼요.,"정비, 기계, 점검"
우주선 정비사,how,어떻게 일을 해요?,"먼저 문제 진단, 다음 부품 교체, 마지막으로 시…","먼저 문제 진단을(를) 하고, 다음 부품 교체을(를) 한 뒤, 마지막으로 시험 운전을(를) 하며 안전을 지켜요.","정비, 기계, 점검"
우주선 정비사,fun,재미있는 사실이 있나요?,작은 나사 하나가 성능을 바꿔요.,작은 나사 하나가 성능을 바꿔요. 재미있죠!,"정비, 기계, 점검"
우주선 정비사,safety,안전은 어떻게 지키나요?,안전 장비를 착용하고 규칙을 지켜요.,"헬멧·장갑 등 안전 장비를 착용하고, 팀과 신호를 맞추며 규칙을 지켜요.","정비, 기계, 점검"
로켓 과학자,what,로켓 과학자은(는) 무엇을 하나요?,로켓을 연구하고 만들어요,"로켓 과학자은(는) 실험하기, 자료 정리, 보고서 쓰기 일을 해요. 로켓을 연구하고 만들어요","실험, 발견, 호기심"
로켓 과학자,where,어디에서 일해요?,"연구실, 실험실","주로 연구실, 실험실에서 일해요.","실험, 발견, 호기심"
로켓 과학자,help,누구에게 도움이 되나요?,사회 전체,로켓 과학자은(는) 사회 전체에게 도움이 돼요.,"실험, 발견, 호기심"
로켓 과학자,how,어떻게 일을 해요?,"먼저 실험하기, 다음 자료 정리, 마지막으로 보고…","먼저 실험하기을(를) 하고, 다음 자료 정리을(를) 한 뒤, 마지막으로 보고서 쓰기을(를) 하며 안전을 지켜요.","실험, 발견, 호기심"
로켓 과학자,fun,재미있는 사실이 있나요?,실험은 여러 번 반복해 확인해요.,실험은 여러 번 반복해 확인해요. 재미있죠!,"실험, 발견, 호기심"
