job,definition,what_1,what_2,what_3,where,who,fun_fact,keywords
선생님,학생들에게 공부를 가르쳐요,수업 준비,아이 가르치기,상담하기,"학교, 교실","학생들, 학부모",칭찬 스티커를 주기도 해요.,"배움, 지도, 학교"
경찰관,나쁜 일을 막고 사람들을 도와줘요,질서 지키기,범죄 예방,교통 안내,"경찰서, 거리","시민들, 아이들",호루라기와 수신호로 길을 안내해요.,"질서, 안전, 법"
소방관,불을 끄고 사람을 구해요,불 끄기,사람 구하기,안전 점검,"소방서, 화재 현장","위험에 처한 사람들, 지역사회",소방차는 멀리서도 보이게 빨간색인 곳이 많아요.,"안전, 구조, 팀워크"
의사,아픈 사람을 치료해요,진찰하기,약 처방하기,치료 계획 세우기,"병원, 진료실",환자와 가족,청진기로 심장 소리를 들어요.,"건강, 치료, 진료"
간호사,의사를 도와서 환자를 돌봐요,환자 돌보기,약 챙기기,기록하기,"병원, 병동",환자와 보호자,주사 전에는 이름을 꼭 확인해요.,"돌봄, 건강, 배려"
요리사,맛있는 음식을 만들어요,재료 손질,요리 만들기,맛과 위생 점검,"식당, 주방",손님들,요리사는 하얀 모자를 쓰기도 해요.,"요리, 맛, 위생"
버스기사,사람들을 버스로 데려다줘요,운전하기,안전 확인,승객 안내,"도로, 차량",승객들,정류장 시간표를 지켜요.,"운전, 안전, 시간"
택배기사,물건을 집까지 배달해줘요,물건 분류,배송하기,수령 확인,"물류센터, 동네",고객들,주소를 정확히 보는 것이 중요해요.,"배송, 시간, 책임"
환경미화원,길거리를 깨끗하게 해줘요,거리 청소,분리수거,시설 정리,"거리, 공원",주민과 방문객,깨끗한 길은 모두의 기분을 좋게 해요.,"청결, 환경, 배려"
미용사,머리를 예쁘게 잘라줘요,머리 자르기,염색하기,손질하기,"미용실, 바버숍",손님들,가위 소리가 경쾌해요.,"헤어, 스타일, 서비스"
배우,영화나 드라마에 나와요,일을 계획하기,사람들과 협력하기,약속 지키기,"사무실, 현장",우리 동네 사람들,이 직업에도 연습과 휴식이 중요해요.,"책임감, 협력, 배움"
가수,노래를 불러요,일을 계획하기,사람들과 협력하기,약속 지키기,"사무실, 현장",우리 동네 사람들,이 직업에도 연습과 휴식이 중요해요.,"책임감, 협력, 배움"
유튜버,영상 만들어 올려요,일을 계획하기,사람들과 협력하기,약속 지키기,"사무실, 현장",우리 동네 사람들,이 직업에도 연습과 휴식이 중요해요.,"책임감, 협력, 배움"
스포츠 선수,운동을 해서 경기를 해요,일을 계획하기,사람들과 협력하기,약속 지키기,"사무실, 현장",우리 동네 사람들,이 직업에도 연습과 휴식이 중요해요.,"책임감, 협력, 배움"
아나운서,뉴스나 방송을 진행해요,원고 읽기,발음 연습,방송 진행,"방송국, 스튜디오","시청자, 청취자",호흡과 발성이 매우 중요해요.,"방송, 전달, 발음"
뉴스 기자,사건을 취재해서 알려줘요,취재하기,기사 쓰기,인터뷰하기,"신문사, 현장",시민들,제목은 짧고 눈에 띄게 써요.,"뉴스, 취재, 사실"
동물 훈련사,동물을 훈련시켜요,일을 계획하기,사람들과 협력하기,약속 지키기,"사무실, 현장",우리 동네 사람들,이 직업에도 연습과 휴식이 중요해요.,"책임감, 협력, 배움"
마술사,신기한 마술을 보여줘요,일을 계획하기,사람들과 협력하기,약속 지키기,"사무실, 현장",우리 동네 사람들,이 직업에도 연습과 휴식이 중요해요.,"책임감, 협력, 배움"
만화가,만화를 그려요,그림 그리기,색 칠하기,전시 준비,"화실, 전시회",관람객,붓뿐 아니라 손가락으로도 그릴 수 있어요.,"그림, 색, 표현"
게임 개발자,게임을 만들어요,코드 작성,버그 고치기,기능 만들기,"사무실, 컴퓨터 앞",사용자들,컴퓨터가 이해하는 언어로 말해요.,"코딩, 문제해결, 논리"
과학자,새로운 것을 연구하고 실험해요,실험하기,자료 정리,보고서 쓰기,"연구실, 실험실",사회 전체,실험은 여러 번 반복해 확인해요.,"실험, 발견, 호기심"
로봇 개발자,로봇을 설계하고 만들어요,코드 작성,버그 고치기,기능 만들기,"사무실, 컴퓨터 앞",사용자들,컴퓨터가 이해하는 언어로 말해요.,"코딩, 문제해결, 논리"
우주비행사,우주를 탐험해요,일을 계획하기,사람들과 협력하기,약속 지키기,"사무실, 현장",우리 동네 사람들,이 직업에도 연습과 휴식이 중요해요.,"책임감, 협력, 배움"
고고학자,옛날 물건을 찾아서 연구해요,일을 계획하기,사람들과 협력하기,약속 지키기,"사무실, 현장",우리 동네 사람들,이 직업에도 연습과 휴식이 중요해요.,"책임감, 협력, 배움"
동물원 사육사,동물을 돌보고 먹이를 줘요,일을 계획하기,사람들과 협력하기,약속 지키기,"사무실, 현장",우리 동네 사람들,이 직업에도 연습과 휴식이 중요해요.,"책임감, 협력, 배움"
수의사,아픈 동물을 치료해요,진찰하기,약 처방하기,치료 계획 세우기,"병원, 진료실",환자와 가족,청진기로 심장 소리를 들어요.,"건강, 치료, 진료"
해양 생물 연구원,바다 생물을 연구해요,실험하기,자료 정리,보고서 쓰기,"연구실, 실험실",사회 전체,실험은 여러 번 반복해 확인해요.,"실험, 발견, 호기심"
파일럿,비행기를 조종해요,비행 계획,조종하기,안전 점검,"공항, 하늘",승객들,구름 위로 날아가요.,"비행, 안전, 항공"
기차 기관사,기차를 운전해요,열차 운행,신호 확인,승무원과 소통,"기차역, 철로",승객들,정확한 시간에 맞춰 출발해요.,"철도, 신호, 시간"
공룡 연구자,공룡에 대해 연구해요,실험하기,자료 정리,보고서 쓰기,"연구실, 실험실",사회 전체,실험은 여러 번 반복해 확인해요.,"실험, 발견, 호기심"
건축가,건물을 설계해요,설계하기,도면 그리기,현장 점검,"사무실, 공사 현장",건축주와 주민,작은 창도 집 분위기를 바꿔요.,"설계, 공간, 구조"
목수,나무로 물건을 만들어요,자르기,조립하기,마감하기,"공사 현장, 작업장",고객과 주민,나무 냄새가 좋은 작업장도 있어요.,"목공, 공구, 제작"
제빵사,빵을 만들어요,반죽 만들기,발효시키기,빵 굽기,"빵집, 제과점",손님들,아침 일찍부터 빵을 구워요.,"빵, 반죽, 오븐"
패션 디자이너,옷을 디자인해요,아이디어 스케치,시안 만들기,색과 글꼴 정하기,"스튜디오, 사무실",고객과 사용자,색만 바꿔도 느낌이 달라져요.,"창의성, 색, 모양"
장난감 디자이너,장난감을 만들어요,아이디어 스케치,시안 만들기,색과 글꼴 정하기,"스튜디오, 사무실",고객과 사용자,색만 바꿔도 느낌이 달라져요.,"창의성, 색, 모양"
일러스트레이터,그림을 그려요,그림 그리기,색 칠하기,전시 준비,"화실, 전시회",관람객,붓뿐 아니라 손가락으로도 그릴 수 있어요.,"그림, 색, 표현"
애니메이터,움직이는 그림을 만들어요,일을 계획하기,사람들과 협력하기,약속 지키기,"사무실, 현장",우리 동네 사람들,이 직업에도 연습과 휴식이 중요해요.,"책임감, 협력, 배움"
사진작가,사진을 찍어요,이야기 쓰기,자료 조사,원고 다듬기,"서재, 도서관",독자들,이야기 시작은 한 문장으로도 돼요.,"이야기, 글쓰기, 상상"
인형극 배우,인형으로 연극을 해요,일을 계획하기,사람들과 협력하기,약속 지키기,"사무실, 현장",우리 동네 사람들,이 직업에도 연습과 휴식이 중요해요.,"책임감, 협력, 배움"
공예가,손으로 작품을 만들어요,일을 계획하기,사람들과 협력하기,약속 지키기,"사무실, 현장",우리 동네 사람들,이 직업에도 연습과 휴식이 중요해요.,"책임감, 협력, 배움"
탐정,문제를 해결해요,일을 계획하기,사람들과 협력하기,약속 지키기,"사무실, 현장",우리 동네 사람들,이 직업에도 연습과 휴식이 중요해요.,"책임감, 협력, 배움"
발명가,새로운 물건을 만들어요,일을 계획하기,사람들과 협력하기,약속 지키기,"사무실, 현장",우리 동네 사람들,이 직업에도 연습과 휴식이 중요해요.,"책임감, 협력, 배움"
기상캐스터,날씨를 알려줘요,일을 계획하기,사람들과 협력하기,약속 지키기,"사무실, 현장",우리 동네 사람들,이 직업에도 연습과 휴식이 중요해요.,"책임감, 협력, 배움"
동화작가,이야기를 써요,이야기 쓰기,자료 조사,원고 다듬기,"서재, 도서관",독자들,이야기 시작은 한 문장으로도 돼요.,"이야기, 글쓰기, 상상"
게임 스트리머,게임하면서 방송해요,일을 계획하기,사람들과 협력하기,약속 지키기,"사무실, 현장",우리 동네 사람들,이 직업에도 연습과 휴식이 중요해요.,"책임감, 협력, 배움"
드론 조종사,드론을 날려요,비행 계획,조종하기,안전 점검,"공항, 하늘",승객들,구름 위로 날아가요.,"비행, 안전, 항공"
캠핑 가이드,사람들과 캠핑해요,일을 계획하기,사람들과 협력하기,약속 지키기,"사무실, 현장",우리 동네 사람들,이 직업에도 연습과 휴식이 중요해요.,"책임감, 협력, 배움"
동물 구조대,다친 동물을 구해요,일을 계획하기,사람들과 협력하기,약속 지키기,"사무실, 현장",우리 동네 사람들,이 직업에도 연습과 휴식이 중요해요.,"책임감, 협력, 배움"
우주선 정비사,우주선을 고쳐요,문제 진단,부품 교체,시험 운전,"정비소, 공장",고객과 사용자,작은 나사 하나가 성능을 바꿔요.,"정비, 기계, 점검"
로켓 과학자,로켓을 연구하고 만들어요,실험하기,자료 정리,보고서 쓰기,"연구실, 실험실",사회 전체,실험은 여러 번 반복해 확인해요.,"실험, 발견, 호기심"